<?xml version="1.0" encoding="UTF-8"?>
<!DOCTYPE plist PUBLIC "-//Apple//DTD PLIST 1.0//EN" "http://www.apple.com/DTDs/PropertyList-1.0.dtd">
<plist version="1.0">
<dict>
    <key>Action &amp; Adventure</key>
    <string>action &amp; adventure</string>
    <key>Anime</key>
    <string>anime</string>
    <key>Classics</key>
    <string>classics</string>
    <key>Comedy</key>
    <string>comedy</string>
    <key>Concert Film</key>
    <string>concert film</string>
    <key>Documentary</key>
    <string>documentary</string>
    <key>Drama</key>
    <string>drama</string>
    <key>Foreign</key>
    <string>foreign</string>
    <key>Horror</key>
    <string>horror</string>
    <key>Independent</key>
    <string>independent</string>
    <key>Kids &amp; Family</key>
    <string>kids &amp; family</string>
    <key>Music Documentary</key>
    <string>music documentary</string>
    <key>Music Feature Film</key>
    <string>music feature film</string>
    <key>Musicals</key>
    <string>musicals</string>
    <key>Romance</key>
    <string>romance</string>
    <key>Sci-Fi &amp; Fantasy</key>
    <string>sci-fi &amp; fantasy</string>
    <key>Short Films</key>
    <string>short films</string>
    <key>Special Interest</key>
    <string>special interest</string>
    <key>Thriller</key>
    <string>thriller</string>
    <key>Sports</key>
    <string>sports</string>
    <key>Western</key>
    <string>western</string>
    <key>Urban</key>
    <string>urban</string>
</dict>
</plist>
