<?xml version="1.0" encoding="UTF-8"?>
<!DOCTYPE plist PUBLIC "-//Apple//DTD PLIST 1.0//EN" "http://www.apple.com/DTDs/PropertyList-1.0.dtd">
<plist version="1.0">
<array>
	<string>Danish (Denmark)</string>
	<string>Dutch (Netherlands)</string>
	<string>English (United States)</string>
	<string>English (United Kingdom)</string>
	<string>English (Australia)</string>
	<string>English (Canada)</string>
	<string>Finnish (Finland)</string>
	<string>French (France)</string>
	<string>French (Canada)</string>
	<string>German (Germany)</string>
	<string>Greek (Greece)</string>
	<string>Italian (Italy)</string>
	<string>Japanese (Japan)</string>
	<string>Norwegian (Norway)</string>
	<string>Spanish (Spain)</string>
	<string>Swedish (Sweden)</string>
</array>
</plist>
