<?xml version="1.0" encoding="UTF-8"?>
<!DOCTYPE plist PUBLIC "-//Apple//DTD PLIST 1.0//EN" "http://www.apple.com/DTDs/PropertyList-1.0.dtd">
<plist version="1.0">
<dict>
	<!-- Album Info -->
	<key>Language</key>
	<string>10000</string>
	<key>Display Artist</key>
	<string>10005</string>
	<key>Title</key>
	<string>10010</string>
	<key>Title Version</key>
	<string>10020</string>
	<key>Artist Table View</key>
	<string>10030</string>
	<key>Artist Add Button</key>
	<string>10040</string>
	<key>Artist Remove Button</key>
	<string>10050</string>
	<key>First Genre</key>
	<string>10060</string>
	<key>Second Genre</key>
	<string>10070</string>
	<key>Label Name</key>
	<string>10080</string>
	<key>Copyright</key>
	<string>10090</string>
	<key>PCopyright</key>
	<string>10100</string>
	<key>UPC/EAN/JAN</key>
	<string>10110</string>
	<key>Original Release Date</key>
	<string>10120</string>
	<key>Grid</key>
	<string>10130</string>
	<key>Tracks</key>
	<string>10150</string>
	<key>Pre-Order Previews Allowed</key>
	<string>10160</string>
    <key>Mastered for iTunes</key>
	<string>10161</string>
    <key>Mastering Contact</key>
	<string>10162</string>
	<key>Cover Art</key>
	<string>10170</string>
	<key>Cover Art Choose Button</key>
	<string>10180</string>
	<key>Cascade Artists Button</key>
	<string>10190</string>
    <key>Vendor ID</key> <!-- Currently only used in the tone editor -->
	<string>10200</string>


	<!-- Album Territory Rights -->
	<key>Territories Table View</key>
	<string>11000</string>
	<key>Add Territory Button</key>
	<string>11010</string>
	<key>Delete Territory Button</key>
	<string>11020</string>
	<key>Territory Combo Box</key>
	<string>11030</string>
	<key>Sales Start Date</key>
	<string>11040</string>
	<key>Pre-Order Sales Start Date</key>
	<string>11050</string>
	<key>Cleared for Sale</key>
	<string>11060</string>
	<key>Sell Plus Quality</key>
	<string>11070</string>
	<key>Cleared for Ticketmaster</key>
	<string>11080</string>
	<key>Wholesale Price Tier</key>
	<string>11090</string>
	<key>Default Track Wholesale Price Tier</key>
	<string>11100</string>
	<key>Add Territory Group Button</key>
	<string>11110</string>
	<key>Make Default Button</key>
	<string>11120</string>

	<!-- Track General -->
	<key>Track Table View</key>
	<string>20000</string>
	<key>Track Add Button</key>
	<string>20010</string>
	<key>Track Delete Button</key>
	<string>20020</string>
	<key>Booklet Add Button</key>
	<string>20030</string>
	<key>Move Track Up Button</key>
	<string>20040</string>
	<key>Move Track Down Button</key>
	<string>20050</string>
        <key>iTunes LP Add Button</key>
        <string>20070</string>

	<!-- Track Info -->
	<key>Track Title</key>
	<string>20100</string>
	<key>Track Title Version</key>
	<string>20110</string>
	<key>Track Artist Table View</key>
	<string>20120</string>
	<key>Track Display Artist</key>
	<string>20121</string>
	<key>Track Artist Add Button</key>
	<string>20130</string>
	<key>Track Artist Remove Button</key>
	<string>20140</string>
	<key>Track First Genre</key>
	<string>20150</string>
	<key>Track Second Genre</key>
	<string>20160</string>
	<key>Track Number</key>
	<string>20170</string>
	<key>Disc Number</key>
	<string>20180</string>
	<key>Track Label Name</key>
	<string>20190</string>
	<key>Track Copyright</key>
	<string>20200</string>
	<key>ISRC</key>
	<string>20210</string>
	<key>Preview Start</key>
	<string>20220</string>
	<key>Gapless Album</key>
	<string>20230</string>
	<key>Explicit Content</key>
	<string>20240</string>
	<key>Track File</key>
	<string>20250</string>
	<key>Track File Choose Button</key>
	<string>20260</string>
	<key>Track File Play Button</key>
	<string>20270</string>
	<key>Track ISRC Source</key>
	<string>20280</string>
    <key>Track Language</key>
    <string>20290</string>

	<!-- Track Booklets -->
	<key>Booklet Title</key>
	<string>20300</string>
	<key>Booklet Copyright</key>
	<string>20310</string>
	<key>Booklet Vendor Identifier</key>
	<string>20320</string>
	<key>Booklet File</key>
	<string>20330</string>
	<key>Booklet Parental Advisory</key>
	<string>20340</string>

	<!-- Track Territory Rights -->
	<key>Territory Table View</key>
	<string>21000</string>
	<key>Track Cleared for Sale</key>
	<string>21010</string>
	<key>Track Cleared for Ringtones</key>
	<string>21020</string>
	<key>Track Territory</key>
	<string>21030</string>
	<key>Track Wholesale Price Tier</key>
	<string>21040</string>

	<!-- Track Lyrics -->
	<key>Track Lyrics Text View</key>
	<string>22000</string>
        
        <!-- iTunes LP -->
        <key>iTunes LP Title</key>
        <string>23000</string>
        <key>iTunes LP Vendor Identifier</key>
        <string>23010</string>
        <key>iTunes LP Locale Description Table View</key>
        <string>23020</string>
        <key>iTunes LP Add Locale Button</key>
        <string>23030</string>
        <key>iTunes LP Remove Locale Button</key>
        <string>23040</string>
        <key>iTunes LP Locale</key>
        <string>23050</string>
        <key>iTunes LP Locale Description</key>
        <string>23060</string>
        <key>iTunes LP Screenshots Table View</key>
        <string>23070</string>
        <key>iTunes LP Screenshots File Well</key>
        <string>23080</string>
        <key>iTunes LP Add Screenshot Button</key>
        <string>23090</string>
        <key>iTunes LP Remove Screenshot Button</key>
        <string>23100</string>
        <key>iTunes LP Choose Screenshot Button</key>
        <string>23110</string>
        <key>iTunes LP Move Screenshot Up Button</key>
        <string>23120</string>
        <key>iTunes LP Move Screenshot Down Button</key>
        <string>23130</string>
        
	<!-- Delivery -->
	<key>Delivery Problems Table View</key>
	<string>40000</string>
	<key>Deliver Button</key>
	<string>40010</string>
</dict>
</plist>
