<?xml version="1.0" encoding="UTF-8"?>
<!DOCTYPE plist PUBLIC "-//Apple//DTD PLIST 1.0//EN" "http://www.apple.com/DTDs/PropertyList-1.0.dtd">
<plist version="1.0">
<array>
    <dict>
        <key>name</key>
        <string>Danish (Denmark)</string>
        <key>code</key>
        <string>da-DK</string>
    </dict>
    <dict>
        <key>name</key>
        <string>Dutch (Netherlands)</string>
        <key>code</key>
        <string>nl-NL</string>
    </dict>
    <dict>
        <key>name</key>
        <string>English (United States)</string>
        <key>code</key>
        <string>en-US</string>
    </dict>
    <dict>
        <key>name</key>
        <string>English (United Kingdom)</string>
        <key>code</key>
        <string>en-GB</string>
    </dict>
    <dict>
        <key>name</key>
        <string>English (Australia)</string>
        <key>code</key>
        <string>en-AU</string>
    </dict>
    <dict>
        <key>name</key>
        <string>English (Canada)</string>
        <key>code</key>
        <string>en-CA</string>
    </dict>
    <dict>
        <key>name</key>
        <string>Finnish (Finland)</string>
        <key>code</key>
        <string>fi-FI</string>
    </dict>
    <dict>
        <key>name</key>
        <string>French (France)</string>
        <key>code</key>
        <string>fr-FR</string>
    </dict>
    <dict>
        <key>name</key>
        <string>French (Canada)</string>
        <key>code</key>
        <string>fr-CA</string>
    </dict>
    <dict>
        <key>name</key>
        <string>German (Germany)</string>
        <key>code</key>
        <string>de-DE</string>
    </dict>
    <dict>
        <key>name</key>
        <string>Greek (Greece)</string>
        <key>code</key>
        <string>el-GR</string>
    </dict>
    <dict>
        <key>name</key>
        <string>Italian (Italy)</string>
        <key>code</key>
        <string>it-IT</string>
    </dict>
    <dict>
        <key>name</key>
        <string>Japanese (Japan)</string>
        <key>code</key>
        <string>ja-JP</string>
    </dict>
    <dict>
        <key>name</key>
        <string>Norwegian (Norway)</string>
        <key>code</key>
        <string>no-NO</string>
    </dict>
    <dict>
        <key>name</key>
        <string>Spanish (Spain)</string>
        <key>code</key>
        <string>es-ES</string>
    </dict>
    <dict>
        <key>name</key>
        <string>Swedish (Sweden)</string>
        <key>code</key>
        <string>sv-SE</string>
    </dict>
</array>
</plist>
