<?xml version="1.0" encoding="UTF-8"?>
<!DOCTYPE plist PUBLIC "-//Apple//DTD PLIST 1.0//EN" "http://www.apple.com/DTDs/PropertyList-1.0.dtd">
<plist version="1.0">
	<array>
		<dict>
			<key>name</key>
			<string>Clean</string>
			<key>code</key>
			<string>clean</string>
		</dict>
		<dict>
			<key>name</key>
			<string>Explicit</string>
			<key>code</key>
			<string>explicit</string>
		</dict>
		<dict>
			<key>name</key>
			<string>None</string>
			<key>code</key>
			<string>none</string>
		</dict>
	</array>
</plist>