<?xml version="1.0" encoding="UTF-8" standalone="yes"?>
<!DOCTYPE plist PUBLIC "-//Apple//DTD PLIST 1.0//EN" "http://www.apple.com/DTDs/PropertyList-1.0.dtd">
<plist version="1.0">
<array>
	<dict>
		<key>code</key>
		<string>print-equivalent</string>
		<key>name</key>
		<string>Print Equivalent</string>
		<key>details</key>
		<string>Indicates a relationship to the print version of the book</string>
	</dict>
	<dict>
		<key>code</key>
		<string>alternative-version</string>
		<key>name</key>
		<string>Alternative Version</string>
		<key>details</key>
		<string>Indicates other equivalent versions, for example other eBook formats</string>
	</dict>
	<dict>
		<key>code</key>
		<string>replacement-of</string>
		<key>name</key>
		<string>Replacement Of</string>
		<key>details</key>
		<string>Indicates this book is a replacement of the related book</string>
	</dict>
	<dict>
		<key>code</key>
		<string>other-language-version</string>
		<key>name</key>
		<string>Other Language Version</string>
		<key>details</key>
		<string>Relates this book to other translations (and/or the original, if this is a translation)</string>
	</dict>
</array>
</plist>