<?xml version="1.0" encoding="UTF-8"?>
<!DOCTYPE plist PUBLIC "-//Apple//DTD PLIST 1.0//EN" "http://www.apple.com/DTDs/PropertyList-1.0.dtd">
<plist version="1.0">
    <dict>
        <!-- General Interface Items -->
        <key>Add Item</key>
        <string>101</string>
        <key>Remove Item</key>
        <string>102</string>
        
        <!-- Book Info -->
        <key>VendorId</key>
        <string>10000</string>
        <key>VendorId Info</key>
        <string>10001</string>
        <key>ISBN 13</key>
        <string>10010</string>
        <key>ISBN 13 Info</key>
        <string>10011</string>
        <key>Book Language Combo Box</key>
        <string>10020</string>
        <key>Book Language Info</key>
        <string>10021</string>
        <key>Book Title</key>
        <string>10030</string>
        <key>Phonetic Book Title</key>
        <string>10031</string>
        <key>Book Title Info</key>
        <string>10032</string>
        <key>Book Subtitle</key>
        <string>10040</string>
        <key>Phonetic Book Subtitle</key>
        <string>10041</string>
        <key>Book Subtitle Info</key>
        <string>10042</string>
        <key>Book Publisher</key>
        <string>10060</string>
        <key>Book Publisher Info</key>
        <string>10061</string>
        <key>Book Imprint</key>
        <string>10070</string>
        <key>Book Imprint Info</key>
        <string>10071</string>
        <key>Book Publication Date</key>
        <string>10080</string>
        <key>Book Publication Date Info</key>
        <string>10081</string>
        <key>Book Series Name</key>
        <string>10090</string>
        <key>Phonetic Book Series Name</key>
        <string>10091</string>
        <key>Book Series Name Info</key>
        <string>10092</string>
        <key>Phonetic Book Series Name Info</key>
        <string>10093</string>
        <key>Book Sequence Number</key>
        <string>10095</string>
        <key>Book Sequence Number Info</key>
        <string>10096</string>
        <key>Book Display Number</key>
        <string>10100</string>
        <key>Book Display Number Info</key>
        <string>10101</string>
        <key>Book Print Length</key>
        <string>10110</string>
        <key>Book Description</key>
        <string>10120</string>
        <key>Book Description Info</key>
        <string>10121</string>
        <key>Book Pre-Order Sample</key>
        <string>10130</string>
        <key>Book Type</key>
        <string>10140</string>
        <key>Book Whats New Text</key>
        <string>10150</string>
        <key>Book Whats New Text Info</key>
        <string>10151</string>
        <key>Book Whats New Applies To Version Popup</key>
        <string>10160</string>
        <key>Mutli-Touch Expected Check Box</key>
        <string>10170</string>
        <key>Book Explicit Content</key>
        <string>10180</string>
        
        <!-- Book Subject Categories -->
        <key>Book Subject Table View</key>
        <string>14050</string>
        <key>Book Subject Scheme</key>
        <string>14051</string>
        <key>Book Subject Primary</key>
        <string>14052</string>
        <key>Book Subject Main Category</key>
        <string>14053</string>
        <key>Add Book Category Scheme</key>
        <string>14054</string>
        <key>Book Subject Sub Category</key>
        <string>14056</string>
        <key>Book Subject Info</key>
        <string>14057</string>
        
        <!-- Book Contributors -->
        <key>Book Contributor Table View</key>
        <string>11000</string>
        <key>Book Contributor Add Button</key>
        <string>11010</string>
        <key>Book Contributor Remove Button</key>
        <string>11020</string>
        <key>Book Contributor Role</key>
        <string>11100</string>
        <key>Book Contributor Person Name</key>
        <string>11110</string>
        <key>Phonetic Book Contributor Person Name</key>
        <string>11111</string>
        <key>Book Contributor Person Name Info</key>
        <string>11112</string>
        <key>Phonetic Book Contributor Person Name Info</key>
        <string>11113</string>
        <key>Book Contributor Person Name Inverted</key>
        <string>11120</string>
        <key>Book Contributor Person Name Inverted Info</key>
        <string>11121</string>
        <key>Book Contributor Corporate Name</key>
        <string>11130</string>
        <key>Book Contributor Primary</key>
        <string>11140</string>
        
        <!-- Book Target Audience -->
        <key>Book Add Criteria</key>
        <string>11300</string>
        <key>Book Remove Criteria</key>
        <string>11301</string>
        <key>Book Target Audience Info</key>
        <string>11302</string>
        <key>Book Target Audience Popup</key>
        <string>11310</string>
        <key>Book Criteria Table View</key>
        <string>11320</string>
        <key>Book Audience Constrained Single</key>
        <string>11330</string>
        <key>Book Audience Constrained Range</key>
        <string>11340</string>
        <key>Book Audience Unconstrained Range</key>
        <string>11350</string>
        <key>Book Audience Constrained Range Groups</key>
        <string>11360</string>
        
        <!-- Book Related Products -->
        <key>Book Related Products Table View</key>
        <string>12000</string>
        <key>Book Related Products Add Button</key>
        <string>12010</string>
        <key>Book Related Products Remove Button</key>
        <string>12020</string>
        <key>Book Related Products Relation Popup</key>
        <string>12100</string>
        <key>Book Related Products ISBN-13</key>
        <string>12110</string>
        <key>Book Related Products ISBN-10</key>
        <string>12111</string>
        <key>Book Related Products ISBN-13 Info</key>
        <string>12112</string>
        
        
        <!-- Book Territory Rights -->
        <key>Book Products Table View</key>
        <string>13000</string>
        <key>Book Products Add Button</key>
        <string>13010</string>
        <key>Book Products Remove Button</key>
        <string>13020</string>
        <key>Book Products Make Default Button</key>
        <string>13030</string>
        <key>Book Products Mass Pricing Button</key>
        <string>13040</string>
        <key>Book Products Mass Pricing Action Button</key>
        <string>13041</string>
        <key>Book Products Territory Combo Box</key>
        <string>13100</string>
        <key>Book Products Sales Start Date</key>
        <string>13110</string>
        <key>Book Products Pre-Order Sales Start Date</key>
        <string>13120</string>
        <key>Book Products Suggested Retail Price</key>
        <string>13130</string>
        <key>Book Products Wholesale Price Tier</key>
        <string>13140</string>
        <key>Book Products Cleared For Sale</key>
        <string>13150</string>
        <key>Book Products DRM Free</key>
        <string>13160</string>
        <key>Book Products Publication Type</key>
        <string>13170</string>
        <key>Book Products Currency</key>
        <string>13200</string>
        <key>Book Products Wholesale Price Tier Help Button</key>
        <string>13210</string>
        <key>Book Products Search Field</key>
        <string>13220</string>
        <key>Book Products Suggested iBooks Price Field</key>
        <string>13230</string>
        <key>Book Products Help Button</key>
        <string>13240</string>
        
        <!-- Assets -->
        <key>Assets Publication File Well</key>
        <string>30000</string>
        <key>Assets Publication File Well Info</key>
        <string>30001</string>
        <key>Assets Publication Choose Button</key>
        <string>30010</string>
        <key>Assets Publication Repair Button</key>
        <string>30011</string>
        <key>Assets Publication Repair Spinner</key>
        <string>30012</string>
        <key>Assets Cover Art File Well</key>
        <string>30020</string>
        <key>Assets Cover Art Choose Button</key>
        <string>30030</string>
        <key>Assets Cover Art Info (No Value)</key>
        <string>30031</string>
        <key>Assets Cover Art Info (With Value)</key>
        <string>30032</string>
        <key>Assets Publication Optional Preview Well</key>
        <string>30040</string>
        <key>Assets Publication Optional Preview Well Pre-Order Samples</key>
        <string>30041</string>
        <key>Assets Publication Optional Preview Button</key>
        <string>30042</string>
        <key>Assets Publication Optional Preview Spinner</key>
        <string>30043</string>
        <key>Assets Publication Optional Preview Well Info</key>
        <string>30044</string>
        
        
        <!-- Screenshot Assets -->
        <key>Screenshot Table View</key>
        <string>31000</string>
        <key>Choose Screenshot Button</key>
        <string>31010</string>
        <key>Screenshot Filewell</key>
        <string>31020</string>
        <key>Screenshot Info</key>
        <string>31021</string>
        
        <!-- Delivery -->
        <key>Delivery Problems Table View</key>
        <string>40000</string>
        <key>Deliver Button</key>
        <string>40010</string>
        <key>Delivery Activity Button</key>
        <string>40020</string>
        
        <!-- Mass Pricing -->
        <key>Mass Pricing DRM Free Check Box</key>
        <string>50000</string>
        <key>Mass Pricing Sale Start Date TextField</key>
        <string>50010</string>
        <key>Mass Pricing Pre-Order Sale Start Date TextField</key>
        <string>50011</string>
        <key>Mass Pricing Base Currency Popup</key>
        <string>50020</string>
        <key>Mass Pricing Publication Type Popup</key>
        <string>50030</string>
        <key>Mass Pricing List Price TextField</key>
        <string>50040</string>
        <key>Mass Pricing List Price Info</key>
        <string>50041</string>
        <key>Mass Pricing Suggested iBooks Store Price TextField</key>
        <string>50050</string>
        <key>Mass Pricing Select All Button</key>
        <string>50060</string>
        <key>Mass Pricing Deselect All Button</key>
        <string>50070</string>
        <key>Mass Pricing Territory Table View</key>
        <string>50080</string>
        <key>Mass Pricing Cancel Button</key>
        <string>50090</string>
        <key>Mass Pricing Apply Button</key>
        <string>50100</string>
        <key>Mass Pricing Legal Note TextField</key>
        <string>50110</string>
        <key>Mass Pricing Revert Button</key>
        <string>50120</string>
        <key>Mass Pricing OK Button</key>
        <string>50130</string>
        <key>Mass Pricing Choose Region Button</key>
        <string>50140</string>
        <key>Mass Pricing Sale Start Info</key>
        <string>50150</string>
        <key>Mass Pricing Pre-Order Sale Start Info</key>
        <string>50160</string>
        <key>Mass Pricing Publication Type Info</key>
        <string>50170</string>
        <key>Mass Pricing Currency Info</key>
        <string>50180</string>
        <key>Mass Pricing Suggested iBooks Price Info</key>
        <string>50190</string>
        <key>Mass Pricing DRM Free Info</key>
        <string>50200</string>
        <key>Mass Pricing Help Button</key>
        <string>50210</string>
    </dict>
</plist>
