<?xml version="1.0" encoding="UTF-8"?>
<!DOCTYPE plist PUBLIC "-//Apple//DTD PLIST 1.0//EN" "http://www.apple.com/DTDs/PropertyList-1.0.dtd">
<plist version="1.0">
    <array>
        <dict>
            <key>name</key>
            <string>BISAC Subject Category</string>
            <key>code</key>
            <string>bisac</string>
            <key>filename</key>
            <string>publication-bisac-categories.xml</string>
            <key>url</key>
            <string>http://www.bisg.org/what-we-do-0-136-bisac-subject-headings-list-major-subjects---2009-edition.php</string>
        </dict>
        <dict>
            <key>name</key>
            <string>BIC Subject Category</string>
            <key>code</key>
            <string>bic</string>
            <key>filename</key>
            <string>publication-bic-categories.xml</string>
            <key>url</key>
            <string>http://www.bic.org.uk</string>
        </dict>
        <dict>
            <key>name</key>
            <string>CLIL Subject Category</string>
            <key>code</key>
            <string>clil</string>
            <key>filename</key>
            <string>publication-clil-categories.xml</string>
            <key>url</key>
            <string>http://clil.org/information/detailDoc.html?docId=6</string>
        </dict>
    </array>
</plist>
