<?xml version="1.0" encoding="UTF-8"?>
<!DOCTYPE plist PUBLIC "-//Apple//DTD PLIST 1.0//EN" "http://www.apple.com/DTDs/PropertyList-1.0.dtd">
<plist version="1.0">
<array>
    <!-- Book Info -->
    <dict>
        <key>define</key>
        <string>VendorIdType</string>
        <key>xpath</key>
        <string>/package/book/vendor_id</string>
        <key>fieldName</key>
        <string>Vendor Identifier</string>
        <key>required</key>
        <integer>1</integer>
        <key>identifier</key>
        <string>ISBN 13</string>
    </dict>
    <dict>
        <key>define</key>
        <string>String</string>
        <key>xpath</key>
        <string>/package/book/metadata/title</string>
        <key>fieldName</key>
        <string>Title</string>
        <key>required</key>
        <integer>1</integer>
        <key>identifier</key>
        <string>Book Title</string>
    </dict>
    <dict>
        <key>define</key>
        <string>String</string>
        <key>xpath</key>
        <string>/package/book/metadata/languages/language[@type='main']</string>
        <key>fieldName</key>
        <string>Language</string>
        <key>required</key>
        <integer>1</integer>
        <key>identifier</key>
        <string>Book Language Combo Box</string>
    </dict>
    <dict>
        <key>define</key>
        <string>String</string>
        <key>xpath</key>
        <string>/package/book/metadata/description</string>
        <key>fieldName</key>
        <string>Book Description</string>
        <key>required</key>
        <integer>1</integer>
        <key>identifier</key>
        <string>Book Description</string>
    </dict>
    <dict>
        <key>define</key>
        <string>String</string>
        <key>xpath</key>
        <string>/package/book/metadata/publisher</string>
        <key>fieldName</key>
        <string>Publisher</string>
        <key>required</key>
        <integer>1</integer>
        <key>identifier</key>
        <string>Book Publisher</string>
    </dict>
    <dict>
        <key>define</key>
        <string>String</string>
        <key>xpath</key>
        <string>/package/book/metadata/publication_type</string>
        <key>fieldName</key>
        <string>Book Type</string>
        <key>required</key>
        <integer>1</integer>
        <key>identifier</key>
        <string>Book Type</string>
    </dict>
    <dict>
        <key>xpath</key>
        <string>/package/book/metadata/series_info/series</string>
        <key>childDict</key>
        <dict>
            <key>define</key>
            <string>String</string>
            <key>xpath</key>
            <string>title</string>
            <key>fieldName</key>
            <string>Book Series Name</string>
            <key>required</key>
            <integer>1</integer>
            <key>identifier</key>
            <string>Book Series Name</string>
        </dict>  
    </dict>
    
    <!-- Book Subject Categories -->
    <dict>
        <key>define</key>
        <string>String</string>
        <key>xpath</key>
        <string>/package/book/metadata/subjects/subject</string>
        <key>fieldName</key>
        <string>Add Book Category Scheme</string>
        <key>required</key>
        <integer>1</integer>
        <key>identifier</key>
        <string>Add Book Category Scheme</string>
    </dict>
    <dict>
        <key>xpath</key>
        <string>/package/book/metadata/subjects/subject</string>
        <key>childDict</key>
        <dict>
            <key>define</key>
            <string>String</string>
            <key>xpath</key>
            <string>child::text()</string>
            <key>fieldName</key>
            <string>Main Category</string>
            <key>required</key>
            <integer>1</integer>
            <key>identifier</key>
            <string>Book Subject Sub Category</string>
        </dict>
    </dict>
    <dict>
        <key>define</key>
        <string>String</string>
        <key>xpath</key>
        <string>/package/book/metadata/subjects/subject[@primary='true']</string>
        <key>fieldName</key>
        <string>Category Primary</string>
        <key>required</key>
        <integer>1</integer>
        <key>identifier</key>
        <string>Book Subject Primary</string>
    </dict>

    <!-- Book Contributor -->
    <dict>
        <key>xpath</key>
        <string>/package/book/metadata/contributors/contributor</string>
        <key>fieldName</key>
        <string>Author</string>
        <key>required</key>
        <integer>1</integer>
        <key>identifier</key>        
        <string>Book Contributor Table View</string>
        <key>childDict</key>
        <dict>
            <key>define</key>
            <string>String</string>
            <key>xpath</key>
            <string>roles/role</string>
            <key>fieldName</key>
            <string>Author Role</string>
            <key>required</key>
            <integer>1</integer>
            <key>identifier</key>
            <string>Book Contributor Role</string>
        </dict>
    </dict>
    <dict>
        <key>xpath</key>
        <string>/package/book/metadata/contributors/contributor</string>
        <key>childDict</key>
        <dict>
            <key>define</key>
            <string>String</string>
            <key>xpath</key>
            <string>name</string>
            <key>fieldName</key>
            <string>Author Name</string>
            <key>required</key>
            <integer>1</integer>
            <key>identifier</key>
            <string>Book Contributor Person Name</string>
        </dict>
    </dict>
    <dict>
        <key>define</key>
        <string>String</string>
        <key>xpath</key>
        <string>/package/book/metadata/contributors/contributor[primary='true']</string>
        <key>fieldName</key>
        <string>Primary Author</string>
        <key>required</key>
        <integer>1</integer>
        <key>identifier</key>        
        <string>Book Contributor Primary</string>
    </dict>
    
    <!-- Assets -->
    <dict>
        <key>define</key>
        <string>PublicationAssetFile</string>
        <key>xpath</key>
        <string>/package/book/assets/asset[@type='full']</string>
        <key>fieldName</key>
        <string>Publication</string>
        <key>required</key>
        <integer>1</integer>
        <key>identifier</key>
        <string>Assets Publication File Well</string>
        <key>alteration</key>
        <dict>
            <key>binding</key>
            <string>enabled</string>
            <key>keyPath</key>
            <string>shouldPublicationAssetsBeRequired</string>
        </dict>
    </dict>  
    <dict>
        <key>define</key>
        <string>PublicationAssetFile</string>
        <key>xpath</key>
        <string>/package/book/assets/asset[@type='artwork']</string>
        <key>fieldName</key>
        <string>Cover Art</string>
        <key>required</key>
        <integer>1</integer>
        <key>identifier</key>
        <string>Assets Cover Art File Well</string>
        <key>alteration</key>
        <dict>
            <key>binding</key>
            <string>enabled</string>
            <key>keyPath</key>
            <string>shouldPublicationAssetsBeRequired</string>
        </dict>
    </dict>
    <dict>
        <key>xpath</key>
        <string>/package/book/assets/asset[@type='ipad_screenshot']/data_file</string>
        <key>childDict</key>
        <dict>
            <key>define</key>
            <string>String</string>
            <key>xpath</key>
            <string>file_name</string>
            <key>fieldName</key>
            <string>Screenshot Filename</string>
            <key>required</key>
            <integer>1</integer>
            <key>identifier</key>
            <string>Screenshot Filewell</string>
        </dict>  
    </dict> 
</array>
</plist>
