<?xml version="1.0" encoding="UTF-8" standalone="yes"?>
<!DOCTYPE plist PUBLIC "-//Apple//DTD PLIST 1.0//EN" "http://www.apple.com/DTDs/PropertyList-1.0.dtd">
<plist version="1.0">
<array>
	<dict>
		<key>name</key>
		<string>Distinctive title</string>
		<key>code</key>
		<string>01</string>
	</dict>
	<dict>
		<key>name</key>
		<string>ISSN key title of serial</string>
		<key>code</key>
		<string>02</string>
	</dict>
	<dict>
		<key>name</key>
		<string>Title in original language</string>
		<key>code</key>
		<string>03</string>
	</dict>
	<dict>
		<key>name</key>
		<string>Title acronym or initialism</string>
		<key>code</key>
		<string>04</string>
	</dict>
	<dict>
		<key>name</key>
		<string>Abbreviated title</string>
		<key>code</key>
		<string>05</string>
	</dict>
	<dict>
		<key>name</key>
		<string>Title in other language</string>
		<key>code</key>
		<string>06</string>
	</dict>
	<dict>
		<key>name</key>
		<string>Thematic title of journal issue</string>
		<key>code</key>
		<string>07</string>
	</dict>
	<dict>
		<key>name</key>
		<string>Former title</string>
		<key>code</key>
		<string>08</string>
	</dict>
	<dict>
		<key>name</key>
		<string>Distributor's title</string>
		<key>code</key>
		<string>10</string>
	</dict>
	<dict>
		<key>name</key>
		<string>Alternative title on cover</string>
		<key>code</key>
		<string>11</string>
	</dict>
	<dict>
		<key>name</key>
		<string>Alternative title on back</string>
		<key>code</key>
		<string>12</string>
	</dict>
	<dict>
		<key>name</key>
		<string>Expanded title</string>
		<key>code</key>
		<string>13</string>
	</dict>
</array>
</plist>