<?xml version="1.0" encoding="UTF-8" standalone="yes"?>
<!DOCTYPE plist PUBLIC "-//Apple//DTD PLIST 1.0//EN" "http://www.apple.com/DTDs/PropertyList-1.0.dtd">
<plist version="1.0">
<array>
	<dict>
		<key>code</key>
		<string>07</string>
		<key>name</key>
		<string>SAN</string>
		<key>details</key>
		<string>Book trade Standard Address Number - US, UK etc</string>
	</dict>
	<dict>
		<key>code</key>
		<string>06</string>
		<key>name</key>
		<string>GLN</string>
		<key>details</key>
		<string>GS1 global location number (formerly EAN location number)</string>
	</dict>
	<dict>
		<key>code</key>
		<string>03</string>
		<key>name</key>
		<string>DNB publisher identifier</string>
		<key>details</key>
		<string>Deutsche Nationalbibliothek publisher identifier</string>
	</dict>
	<dict>
		<key>code</key>
		<string>04</string>
		<key>name</key>
		<string>Börsenverein Verkehrsnummer</string>
		<key>details</key>
		<string></string>
	</dict>
	<dict>
		<key>code</key>
		<string>05</string>
		<key>name</key>
		<string>German ISBN Agency publisher identifier</string>
		<key>details</key>
		<string></string>
	</dict>
	<dict>
		<key>code</key>
		<string>10</string>
		<key>name</key>
		<string>Centraal Boekhuis Relatie ID</string>
		<key>details</key>
		<string>Trading party identifier used in the Netherlands</string>
	</dict>
	<dict>
		<key>code</key>
		<string>13</string>
		<key>name</key>
		<string>Fondscode Boekenbank</string>
		<key>details</key>
		<string>Flemish publisher code</string>
	</dict>
	<dict>
		<key>code</key>
		<string>15</string>
		<key>name</key>
		<string>Y-tunnus</string>
		<key>details</key>
		<string>Business Identity Code (Finland)</string>
	</dict>
	<dict>
		<key>code</key>
		<string>16</string>
		<key>name</key>
		<string>ISNI</string>
		<key>details</key>
		<string>International Standard Name Identifier</string>
	</dict>
	<dict>
		<key>code</key>
		<string>17</string>
		<key>name</key>
		<string>DNB-PND</string>
		<key>details</key>
		<string>Deutsche Nationalbibliothek Personennamendatei - person name code of the German national library</string>
	</dict>
	<dict>
		<key>code</key>
		<string>18</string>
		<key>name</key>
		<string>LCCN</string>
		<key>details</key>
		<string>A control number assigned to a Library of Congress Name Authority record</string>
         </dict>
</array>
</plist>