<?xml version="1.0" encoding="UTF-8" standalone="yes"?>
<!DOCTYPE plist PUBLIC "-//Apple//DTD PLIST 1.0//EN" "http://www.apple.com/DTDs/PropertyList-1.0.dtd">
<plist version="1.0">
<array>
	<dict>
		<key>code</key>
		<string>01</string>
		<key>name</key>
		<string>Dewey</string>
		<key>details</key>
		<string>Dewey Decimal Classification. Code</string>
	</dict>
	<dict>
		<key>code</key>
		<string>02</string>
		<key>name</key>
		<string>Abridged Dewey</string>
		<key>details</key>
		<string>Code</string>
	</dict>
	<dict>
		<key>code</key>
		<string>03</string>
		<key>name</key>
		<string>LC classification</string>
		<key>details</key>
		<string>US Library of Congress classification. Code</string>
	</dict>
	<dict>
		<key>code</key>
		<string>04</string>
		<key>name</key>
		<string>LC subject heading</string>
		<key>details</key>
		<string>US Library of Congress subject heading. Text</string>
	</dict>
	<dict>
		<key>code</key>
		<string>05</string>
		<key>name</key>
		<string>NLM classification</string>
		<key>details</key>
		<string>US National Library of Medicine medical classification</string>
	</dict>
	<dict>
		<key>code</key>
		<string>06</string>
		<key>name</key>
		<string>MeSH heading</string>
		<key>details</key>
		<string>US National Library of Medicine Medical subject heading</string>
	</dict>
	<dict>
		<key>code</key>
		<string>07</string>
		<key>name</key>
		<string>NAL subject heading</string>
		<key>details</key>
		<string>US National Agricultural Library subject heading</string>
	</dict>
	<dict>
		<key>code</key>
		<string>08</string>
		<key>name</key>
		<string>AAT</string>
		<key>details</key>
		<string>Getty Art &amp; Architecture Thesaurus heading</string>
	</dict>
	<dict>
		<key>code</key>
		<string>09</string>
		<key>name</key>
		<string>UDC</string>
		<key>details</key>
		<string>Universal Decimal Classification. Code</string>
	</dict>
	<dict>
		<key>code</key>
		<string>10</string>
		<key>name</key>
		<string>BISAC Subject Heading</string>
		<key>details</key>
		<string>BISAC Subject Headings are used in the North American market to categorize books based on topical content. They serve as a
               guideline for shelving books in physical stores and browsing books in online stores.
            </string>
	</dict>
	<dict>
		<key>code</key>
		<string>11</string>
		<key>name</key>
		<string>BISAC region code</string>
		<key>details</key>
		<string>A geographical qualifier used with a BISAC subject category. Code</string>
	</dict>
	<dict>
		<key>code</key>
		<string>12</string>
		<key>name</key>
		<string>BIC subject category</string>
		<key>details</key>
		<string>For all BIC subject codes and qualifiers, see http://www.bic.org.uk/subcats.html. Code</string>
	</dict>
	<dict>
		<key>code</key>
		<string>13</string>
		<key>name</key>
		<string>BIC geographical qualifier</string>
		<key>details</key>
		<string>Code</string>
	</dict>
	<dict>
		<key>code</key>
		<string>14</string>
		<key>name</key>
		<string>BIC language qualifier (language as subject)</string>
		<key>details</key>
		<string>Code</string>
	</dict>
	<dict>
		<key>code</key>
		<string>15</string>
		<key>name</key>
		<string>BIC time period qualifier</string>
		<key>details</key>
		<string>Code</string>
	</dict>
	<dict>
		<key>code</key>
		<string>16</string>
		<key>name</key>
		<string>BIC educational purpose qualifier</string>
		<key>details</key>
		<string>Code</string>
	</dict>
	<dict>
		<key>code</key>
		<string>17</string>
		<key>name</key>
		<string>BIC reading level &amp; special interest qualifier</string>
		<key>details</key>
		<string>Code</string>
	</dict>
	<dict>
		<key>code</key>
		<string>18</string>
		<key>name</key>
		<string>DDC-Sachgruppen der Deutschen Nationalbibliografie</string>
		<key>details</key>
		<string>Used for German National Bibliography since 2004 (100 subjects). Is different from value 30.</string>
	</dict>
	<dict>
		<key>code</key>
		<string>19</string>
		<key>name</key>
		<string>LC fiction genre heading</string>
		<key>details</key>
		<string>Text</string>
	</dict>
	<dict>
		<key>code</key>
		<string>20</string>
		<key>name</key>
		<string>Keywords</string>
		<key>details</key>
		<string>Text</string>
	</dict>
	<dict>
		<key>code</key>
		<string>21</string>
		<key>name</key>
		<string>BIC children's book marketing category</string>
		<key>details</key>
		<string>See http://www.bic.org.uk/cbmc.html. Code</string>
	</dict>
	<dict>
		<key>code</key>
		<string>22</string>
		<key>name</key>
		<string>BISAC Merchandising Theme</string>
		<key>details</key>
		<string>BISAC Merchandising Themes are used in addition to BISAC Subject Headings to denote an audience to which a work may be of
               particular appeal, a time of year or event for which a work may be especially appropriate, or to further describe fictional
               works that have been subject-coded by genre
            </string>
	</dict>
	<dict>
		<key>code</key>
		<string>23</string>
		<key>name</key>
		<string>Publisher's own category code</string>
		<key>details</key>
		<string>Code</string>
	</dict>
	<dict>
		<key>code</key>
		<string>24</string>
		<key>name</key>
		<string>Proprietary subject scheme</string>
		<key>details</key>
		<string>As specified in the scheme name</string>
	</dict>
	<dict>
		<key>code</key>
		<string>25</string>
		<key>name</key>
		<string>Tabla de materias ISBN</string>
		<key>details</key>
		<string>Latin America. Code</string>
	</dict>
	<dict>
		<key>code</key>
		<string>26</string>
		<key>name</key>
		<string>Warengruppen-Systematik des deutschen Buchhandels</string>
		<key>details</key>
		<string>Code</string>
	</dict>
	<dict>
		<key>code</key>
		<string>27</string>
		<key>name</key>
		<string>Schlagwort-Normdatei (SWD)</string>
		<key>details</key>
		<string>Subject heading text</string>
	</dict>
	<dict>
		<key>code</key>
		<string>28</string>
		<key>name</key>
		<string>Thèmes Electre</string>
		<key>details</key>
		<string>Subject classification used by Electre (France). Code</string>
	</dict>
	<dict>
		<key>code</key>
		<string>29</string>
		<key>name</key>
		<string>CLIL</string>
		<key>details</key>
		<string>France. Code</string>
	</dict>
	<dict>
		<key>code</key>
		<string>30</string>
		<key>name</key>
		<string>DNB-Sachgruppen</string>
		<key>details</key>
		<string>Deutsche Bibliothek subject groups. Code. Used for German National Bibliography until 2003 (65 subjects). Is different from
               value 18.
            </string>
	</dict>
	<dict>
		<key>code</key>
		<string>31</string>
		<key>name</key>
		<string>NUGI</string>
		<key>details</key>
		<string>Nederlandse Uniforme Genre-Indeling (former Dutch book trade classification). Code</string>
	</dict>
	<dict>
		<key>code</key>
		<string>32</string>
		<key>name</key>
		<string>NUR</string>
		<key>details</key>
		<string>Nederlandstalige Uniforme Rubrieksindeling (Dutch book trade classification, from 2002). Code</string>
	</dict>
	<dict>
		<key>code</key>
		<string>33</string>
		<key>name</key>
		<string>ECPA Christian Book Category</string>
		<key>details</key>
		<string>ECPA Christian Product Category Book Codes, consisting of up to three x 3-letter blocks, for Super Category, Primary Category
               and Sub-Category. See http://www.ecpa.org/ECPA/cbacategories.xls. Code
            </string>
	</dict>
	<dict>
		<key>code</key>
		<string>34</string>
		<key>name</key>
		<string>SISO</string>
		<key>details</key>
		<string>Schema Indeling Systematische Catalogus Openbare Bibliotheken (Dutch library classification). Code</string>
	</dict>
	<dict>
		<key>code</key>
		<string>35</string>
		<key>name</key>
		<string>Korean Decimal Classification (KDC)</string>
		<key>details</key>
		<string>A modified Dewey Decimal Classification used in the Republic of Korea. Code</string>
	</dict>
	<dict>
		<key>code</key>
		<string>36</string>
		<key>name</key>
		<string>DDC 22 ger</string>
		<key>details</key>
		<string>Code. German Translation of DDC 22. Also known as DDC Deutsch 22</string>
	</dict>
	<dict>
		<key>code</key>
		<string>37</string>
		<key>name</key>
		<string>Bokgrupper</string>
		<key>details</key>
		<string>Norwegian book trade product categories (4701)</string>
	</dict>
	<dict>
		<key>code</key>
		<string>38</string>
		<key>name</key>
		<string>Varegrupper</string>
		<key>details</key>
		<string>Norwegian bookselling subject categories (4702)</string>
	</dict>
	<dict>
		<key>code</key>
		<string>39</string>
		<key>name</key>
		<string>Læreplaner</string>
		<key>details</key>
		<string>Norwegian school curriculum version (4703)</string>
	</dict>
	<dict>
		<key>code</key>
		<string>40</string>
		<key>name</key>
		<string>Nippon Decimal Classification</string>
		<key>details</key>
		<string>Japanese subject classification scheme. Code</string>
	</dict>
	<dict>
		<key>code</key>
		<string>41</string>
		<key>name</key>
		<string>BSQ</string>
		<key>details</key>
		<string>BookSelling Qualifier: Russian book trade classification. Code</string>
	</dict>
	<dict>
		<key>code</key>
		<string>42</string>
		<key>name</key>
		<string>ANELE Materias</string>
		<key>details</key>
		<string>Spain: subject coding scheme of the Asociación Nacional de Editores de Libros y Material de Enseñanza. Code</string>
	</dict>
	<dict>
		<key>code</key>
		<string>43</string>
		<key>name</key>
		<string>Skolefag</string>
		<key>details</key>
		<string>Norwegian primary and secondary school subject categories (4705)</string>
	</dict>
	<dict>
		<key>code</key>
		<string>44</string>
		<key>name</key>
		<string>Videregående</string>
		<key>details</key>
		<string>Norwegian list of categories used in higher secondary education and vocational training (4706)</string>
	</dict>
	<dict>
		<key>code</key>
		<string>45</string>
		<key>name</key>
		<string>Undervisningsmateriell</string>
		<key>details</key>
		<string>Norwegian list of categories for books and other material used in education (4707)</string>
	</dict>
	<dict>
		<key>code</key>
		<string>46</string>
		<key>name</key>
		<string>Norsk DDK</string>
		<key>details</key>
		<string>Norwegian version of Dewey Decimal Classification</string>
	</dict>
	<dict>
		<key>code</key>
		<string>47</string>
		<key>name</key>
		<string>Varugrupper</string>
		<key>details</key>
		<string>Swedish bookselling subject categories. Code</string>
	</dict>
	<dict>
		<key>code</key>
		<string>48</string>
		<key>name</key>
		<string>SAB</string>
		<key>details</key>
		<string>Swedish classification scheme. Text</string>
	</dict>
	<dict>
		<key>code</key>
		<string>49</string>
		<key>name</key>
		<string>Läromedel</string>
		<key>details</key>
		<string>Swedish bookselling educational subject. Code</string>
	</dict>
	<dict>
		<key>code</key>
		<string>50</string>
		<key>name</key>
		<string>Förhandsbeskrivning</string>
		<key>details</key>
		<string>Swedish publishers preliminary subject classification. Code</string>
	</dict>
	<dict>
		<key>code</key>
		<string>51</string>
		<key>name</key>
		<string>Spanish ISBN UDC subset</string>
		<key>details</key>
		<string>Controlled subset of UDC codes used by the Spanish ISBN Agency. Code</string>
	</dict>
	<dict>
		<key>code</key>
		<string>52</string>
		<key>name</key>
		<string>ECI subject categories</string>
		<key>details</key>
		<string>Subject categories defined by El Corte Inglés and used widely in the Spanish book trade. Code</string>
	</dict>
	<dict>
		<key>code</key>
		<string>53</string>
		<key>name</key>
		<string>Soggetto CCE</string>
		<key>details</key>
		<string>Classificazione commerciale editoriale (Italian book trade subject category based on BIC). Code</string>
	</dict>
	<dict>
		<key>code</key>
		<string>54</string>
		<key>name</key>
		<string>Qualificatore geografico CCE</string>
		<key>details</key>
		<string>Code</string>
	</dict>
	<dict>
		<key>code</key>
		<string>55</string>
		<key>name</key>
		<string>Qualificatore di lingua CCE</string>
		<key>details</key>
		<string>Code</string>
	</dict>
	<dict>
		<key>code</key>
		<string>56</string>
		<key>name</key>
		<string>Qualificatore di periodo storico CCE</string>
		<key>details</key>
		<string>Code</string>
	</dict>
	<dict>
		<key>code</key>
		<string>57</string>
		<key>name</key>
		<string>Qualificatore di livello scolastico CCE</string>
		<key>details</key>
		<string>Code</string>
	</dict>
	<dict>
		<key>code</key>
		<string>58</string>
		<key>name</key>
		<string>Qualificatore di età di lettura CCE</string>
		<key>details</key>
		<string>Code</string>
	</dict>
	<dict>
		<key>code</key>
		<string>59</string>
		<key>name</key>
		<string>VdS Bildungsmedien Fächer</string>
		<key>details</key>
		<string>Subject code list of the German association of educational media publishers</string>
	</dict>
	<dict>
		<key>code</key>
		<string>60</string>
		<key>name</key>
		<string>Fagkoder</string>
		<key>details</key>
		<string>Undervisningsdirektoratets fagkoder for kunnskapsløftet I videregående (Norwegian educational curriculum for secondary schools)
               (4708)
            </string>
	</dict>
	<dict>
		<key>code</key>
		<string>61</string>
		<key>name</key>
		<string>JEL classification</string>
		<key>details</key>
		<string>Journal of Economic Literature classification scheme</string>
	</dict>
	<dict>
		<key>code</key>
		<string>62</string>
		<key>name</key>
		<string>CSH</string>
		<key>details</key>
		<string>National Library of Canada subject heading (English)</string>
	</dict>
	<dict>
		<key>code</key>
		<string>63</string>
		<key>name</key>
		<string>RVM</string>
		<key>details</key>
		<string>Répertoire de vedettes-matière (Bibliothèque et Archives Canada et Bibliothèque de l'Université Laval) (French)</string>
	</dict>
	<dict>
		<key>code</key>
		<string>64</string>
		<key>name</key>
		<string>YSA</string>
		<key>details</key>
		<string>Yleinen suomalainen asiasanasto: Finnish General Thesaurus</string>
	</dict>
	<dict>
		<key>code</key>
		<string>65</string>
		<key>name</key>
		<string>Allärs</string>
		<key>details</key>
		<string>Allmän tesaurus på svenska: Swedish translation of the Finnish General Thesaurus</string>
	</dict>
	<dict>
		<key>code</key>
		<string>66</string>
		<key>name</key>
		<string>YKL</string>
		<key>details</key>
		<string>Yleisten kirjastojen luokitusjärjestelmä: Finnish Public Libraries Classification System</string>
	</dict>
	<dict>
		<key>code</key>
		<string>67</string>
		<key>name</key>
		<string>MUSA</string>
		<key>details</key>
		<string>Musiikin asiasanasto: Finnish Music Thesaurus</string>
	</dict>
	<dict>
		<key>code</key>
		<string>68</string>
		<key>name</key>
		<string>CILLA</string>
		<key>details</key>
		<string>Specialtesaurus för musik: Swedish translation of the Finnish Music Thesaurus</string>
	</dict>
	<dict>
		<key>code</key>
		<string>69</string>
		<key>name</key>
		<string>Kaunokki</string>
		<key>details</key>
		<string>Fiktiivisen aineiston asiasanasto: Finnish thesaurus for fiction</string>
	</dict>
	<dict>
		<key>code</key>
		<string>70</string>
		<key>name</key>
		<string>Bella</string>
		<key>details</key>
		<string>Specialtesaurus för fiktivt material: Swedish translation of the Finnish thesaurus for fiction</string>
	</dict>
	<dict>
		<key>code</key>
		<string>71</string>
		<key>name</key>
		<string>YSO</string>
		<key>details</key>
		<string>Yleinen suomalainen ontologia: Finnish General Upper Ontology</string>
	</dict>
	<dict>
		<key>code</key>
		<string>72</string>
		<key>name</key>
		<string>Paikkatieto ontologia</string>
		<key>details</key>
		<string>Finnish Place Ontology</string>
	</dict>
	<dict>
		<key>code</key>
		<string>73</string>
		<key>name</key>
		<string>Suomalainen kirja-alan luokitus</string>
		<key>details</key>
		<string>Finnish book trade categorisation</string>
	</dict>
	<dict>
		<key>code</key>
		<string>74</string>
		<key>name</key>
		<string>Sears</string>
		<key>details</key>
		<string>Sears List of Subject Headings</string>
	</dict>
	<dict>
		<key>code</key>
		<string>75</string>
		<key>name</key>
		<string>BIC E4L</string>
		<key>details</key>
		<string>BIC E4Libraries Category Headings</string>
	</dict>
</array>
</plist>