<?xml version="1.0" encoding="UTF-8" standalone="yes"?>
<!DOCTYPE plist PUBLIC "-//Apple//DTD PLIST 1.0//EN" "http://www.apple.com/DTDs/PropertyList-1.0.dtd">
<plist version="1.0">
<array>
	<dict>
		<key>code</key>
		<string>abk</string>
		<key>name</key>
		<string>Abkhazian</string>
	</dict>
	<dict>
		<key>code</key>
		<string>afr</string>
		<key>name</key>
		<string>Afrikaans</string>
	</dict>
	<dict>
		<key>code</key>
		<string>alb</string>
		<key>name</key>
		<string>Albanian</string>
	</dict>
	<dict>
		<key>code</key>
		<string>amh</string>
		<key>name</key>
		<string>Amharic</string>
	</dict>
	<dict>
		<key>code</key>
		<string>ara</string>
		<key>name</key>
		<string>Arabic</string>
	</dict>
	<dict>
		<key>code</key>
		<string>arm</string>
		<key>name</key>
		<string>Armenian</string>
	</dict>
	<dict>
		<key>code</key>
		<string>asm</string>
		<key>name</key>
		<string>Assamese</string>
	</dict>
	<dict>
		<key>code</key>
		<string>aym</string>
		<key>name</key>
		<string>Aymara</string>
	</dict>
	<dict>
		<key>code</key>
		<string>baq</string>
		<key>name</key>
		<string>Basque</string>
	</dict>
	<dict>
		<key>code</key>
		<string>bel</string>
		<key>name</key>
		<string>Belarusian</string>
	</dict>
	<dict>
		<key>code</key>
		<string>ben</string>
		<key>name</key>
		<string>Bengali</string>
	</dict>
	<dict>
		<key>code</key>
		<string>bih</string>
		<key>name</key>
		<string>Bihari languages</string>
	</dict>
	<dict>
		<key>code</key>
		<string>nob</string>
		<key>name</key>
		<string>Bokmål, Norwegian; Norwegian Bokmål</string>
	</dict>
	<dict>
		<key>code</key>
		<string>bos</string>
		<key>name</key>
		<string>Bosnian</string>
	</dict>
    <dict>
        <key>code</key>
        <string>bre</string>
        <key>name</key>
        <string>Breton</string>
    </dict>
	<dict>
		<key>code</key>
		<string>bul</string>
		<key>name</key>
		<string>Bulgarian</string>
	</dict>
	<dict>
		<key>code</key>
		<string>bur</string>
		<key>name</key>
		<string>Burmese</string>
	</dict>
	<dict>
		<key>code</key>
		<string>cat</string>
		<key>name</key>
		<string>Catalan; Valencian</string>
	</dict>
	<dict>
		<key>code</key>
		<string>khm</string>
		<key>name</key>
		<string>Central Khmer</string>
	</dict>
	<dict>
		<key>code</key>
		<string>cha</string>
		<key>name</key>
		<string>Chamorro</string>
	</dict>
	<dict>
		<key>code</key>
		<string>nya</string>
		<key>name</key>
		<string>Chichewa; Chewa; Nyanja</string>
	</dict>
	<dict>
		<key>code</key>
		<string>zh-hans</string>
		<key>name</key>
		<string>Chinese (Simplified)</string>
		<key>allowsPhonetic</key>
		<true/>
	</dict>
	<dict>
		<key>code</key>
		<string>zh-hant</string>
		<key>name</key>
		<string>Chinese (Traditional)</string>
		<key>allowsPhonetic</key>
		<true/>
	</dict>
	<dict>
		<key>code</key>
		<string>kzj</string>
		<key>name</key>
		<string>Coastal Kadazan</string>
	</dict>
	<dict>
		<key>code</key>
		<string>hrv</string>
		<key>name</key>
		<string>Croatian</string>
	</dict>
	<dict>
		<key>code</key>
		<string>cze</string>
		<key>name</key>
		<string>Czech</string>
	</dict>
	<dict>
		<key>code</key>
		<string>dan</string>
		<key>name</key>
		<string>Danish</string>
	</dict>
	<dict>
		<key>code</key>
		<string>div</string>
		<key>name</key>
		<string>Divehi; Dhivehi; Maldivian</string>
	</dict>
	<dict>
		<key>code</key>
		<string>dut</string>
		<key>name</key>
		<string>Dutch; Flemish</string>
	</dict>
	<dict>
		<key>code</key>
		<string>dzo</string>
		<key>name</key>
		<string>Dzongkha</string>
	</dict>
	<dict>
		<key>code</key>
		<string>eng</string>
		<key>name</key>
		<string>English</string>
	</dict>
	<dict>
		<key>code</key>
		<string>epo</string>
		<key>name</key>
		<string>Esperanto</string>
	</dict>
	<dict>
		<key>code</key>
		<string>est</string>
		<key>name</key>
		<string>Estonian</string>
	</dict>
	<dict>
		<key>code</key>
		<string>fao</string>
		<key>name</key>
		<string>Faroese</string>
	</dict>
	<dict>
		<key>code</key>
		<string>fij</string>
		<key>name</key>
		<string>Fijian</string>
	</dict>
	<dict>
		<key>code</key>
		<string>fin</string>
		<key>name</key>
		<string>Finnish</string>
	</dict>
	<dict>
		<key>code</key>
		<string>fre</string>
		<key>name</key>
		<string>French</string>
	</dict>
	<dict>
		<key>code</key>
		<string>gla</string>
		<key>name</key>
		<string>Gaelic; Scottish Gaelic</string>
	</dict>
	<dict>
		<key>code</key>
		<string>glg</string>
		<key>name</key>
		<string>Galician</string>
	</dict>
	<dict>
		<key>code</key>
		<string>geo</string>
		<key>name</key>
		<string>Georgian</string>
	</dict>
	<dict>
		<key>code</key>
		<string>ger</string>
		<key>name</key>
		<string>German</string>
	</dict>
	<dict>
		<key>code</key>
		<string>gre</string>
		<key>name</key>
		<string>Greek, Modern (1453-)</string>
	</dict>
	<dict>
		<key>code</key>
		<string>grn</string>
		<key>name</key>
		<string>Guarani</string>
	</dict>
	<dict>
		<key>code</key>
		<string>guj</string>
		<key>name</key>
		<string>Gujarati</string>
	</dict>
	<dict>
		<key>code</key>
		<string>hat</string>
		<key>name</key>
		<string>Haitian; Haitian Creole</string>
	</dict>
	<dict>
		<key>code</key>
		<string>heb</string>
		<key>name</key>
		<string>Hebrew</string>
	</dict>
	<dict>
		<key>code</key>
		<string>hin</string>
		<key>name</key>
		<string>Hindi</string>
	</dict>
	<dict>
		<key>code</key>
		<string>hun</string>
		<key>name</key>
		<string>Hungarian</string>
	</dict>
	<dict>
		<key>code</key>
		<string>iba</string>
		<key>name</key>
		<string>Iban</string>
	</dict>
	<dict>
		<key>code</key>
		<string>ice</string>
		<key>name</key>
		<string>Icelandic</string>
	</dict>
	<dict>
		<key>code</key>
		<string>ind</string>
		<key>name</key>
		<string>Indonesian</string>
	</dict>
	<dict>
		<key>code</key>
		<string>gle</string>
		<key>name</key>
		<string>Irish</string>
	</dict>
	<dict>
		<key>code</key>
		<string>ita</string>
		<key>name</key>
		<string>Italian</string>
	</dict>
	<dict>
		<key>code</key>
		<string>jpn</string>
		<key>name</key>
		<string>Japanese</string>
		<key>allowsPhonetic</key>
		<true/>
	</dict>
	<dict>
		<key>code</key>
		<string>jv-java</string>
		<key>name</key>
		<string>Javanese (Javanese Script)</string>
	</dict>
	<dict>
		<key>code</key>
		<string>jv-latn</string>
		<key>name</key>
		<string>Javanese (Latin Script)</string>
	</dict>
	<dict>
		<key>code</key>
		<string>kal</string>
		<key>name</key>
		<string>Kalaallisut; Greenlandic</string>
	</dict>
	<dict>
		<key>code</key>
		<string>kan</string>
		<key>name</key>
		<string>Kannada</string>
	</dict>
	<dict>
		<key>code</key>
		<string>kaz</string>
		<key>name</key>
		<string>Kazakh</string>
	</dict>
	<dict>
		<key>code</key>
		<string>kin</string>
		<key>name</key>
		<string>Kinyarwanda</string>
	</dict>
	<dict>
		<key>code</key>
		<string>kor</string>
		<key>name</key>
		<string>Korean</string>
	</dict>
	<dict>
		<key>code</key>
		<string>lao</string>
		<key>name</key>
		<string>Lao</string>
	</dict>
	<dict>
		<key>code</key>
		<string>lat</string>
		<key>name</key>
		<string>Latin</string>
	</dict>
	<dict>
		<key>code</key>
		<string>lav</string>
		<key>name</key>
		<string>Latvian</string>
	</dict>
	<dict>
		<key>code</key>
		<string>lin</string>
		<key>name</key>
		<string>Lingala</string>
	</dict>
	<dict>
		<key>code</key>
		<string>lit</string>
		<key>name</key>
		<string>Lithuanian</string>
	</dict>
	<dict>
		<key>code</key>
		<string>ltz</string>
		<key>name</key>
		<string>Luxembourgish; Letzeburgesch</string>
	</dict>
	<dict>
		<key>code</key>
		<string>mac</string>
		<key>name</key>
		<string>Macedonian</string>
	</dict>
	<dict>
		<key>code</key>
		<string>mad</string>
		<key>name</key>
		<string>Madurese</string>
	</dict>
	<dict>
		<key>code</key>
		<string>mlg</string>
		<key>name</key>
		<string>Malagasy</string>
	</dict>
	<dict>
		<key>code</key>
		<string>ms-arab</string>
		<key>name</key>
		<string>Malay (Jawi/Arabic Script)</string>
	</dict>
	<dict>
		<key>code</key>
		<string>may</string>
		<key>name</key>
		<string>Malay (Rumi/Latin Script)</string>
	</dict>
	<dict>
		<key>code</key>
		<string>mal</string>
		<key>name</key>
		<string>Malayalam</string>
	</dict>
	<dict>
		<key>code</key>
		<string>mlt</string>
		<key>name</key>
		<string>Maltese</string>
	</dict>
	<dict>
		<key>code</key>
		<string>glv</string>
		<key>name</key>
		<string>Manx</string>
	</dict>
	<dict>
		<key>code</key>
		<string>mar</string>
		<key>name</key>
		<string>Marathi</string>
	</dict>
	<dict>
		<key>code</key>
		<string>mah</string>
		<key>name</key>
		<string>Marshallese</string>
	</dict>
	<dict>
		<key>code</key>
		<string>min</string>
		<key>name</key>
		<string>Minangkabau</string>
	</dict>
	<dict>
		<key>code</key>
		<string>nau</string>
		<key>name</key>
		<string>Nauru</string>
	</dict>
	<dict>
		<key>code</key>
		<string>nde</string>
		<key>name</key>
		<string>Ndebele, North; North Ndebele</string>
	</dict>
	<dict>
		<key>code</key>
		<string>nbl</string>
		<key>name</key>
		<string>Ndebele, South; South Ndebele</string>
	</dict>
	<dict>
		<key>code</key>
		<string>nor</string>
		<key>name</key>
		<string>Norwegian</string>
	</dict>
	<dict>
		<key>code</key>
		<string>nno</string>
		<key>name</key>
		<string>Norwegian Nynorsk; Nynorsk, Norwegian</string>
	</dict>
	<dict>
		<key>code</key>
		<string>oci</string>
		<key>name</key>
		<string>Occitan (post 1500)</string>
	</dict>
	<dict>
		<key>code</key>
		<string>orm</string>
		<key>name</key>
		<string>Oromo</string>
	</dict>
	<dict>
		<key>code</key>
		<string>pan</string>
		<key>name</key>
		<string>Panjabi; Punjabi</string>
	</dict>
	<dict>
		<key>code</key>
		<string>per</string>
		<key>name</key>
		<string>Persian</string>
	</dict>
	<dict>
		<key>code</key>
		<string>pol</string>
		<key>name</key>
		<string>Polish</string>
	</dict>
	<dict>
		<key>code</key>
		<string>por</string>
		<key>name</key>
		<string>Portuguese</string>
	</dict>
	<dict>
		<key>code</key>
		<string>pus</string>
		<key>name</key>
		<string>Pushto; Pashto</string>
	</dict>
	<dict>
		<key>code</key>
		<string>que</string>
		<key>name</key>
		<string>Quechua</string>
	</dict>
	<dict>
		<key>code</key>
		<string>rum</string>
		<key>name</key>
		<string>Romanian; Moldavian; Moldovan</string>
	</dict>
	<dict>
		<key>code</key>
		<string>roh</string>
		<key>name</key>
		<string>Romansh</string>
	</dict>
	<dict>
		<key>code</key>
		<string>run</string>
		<key>name</key>
		<string>Rundi</string>
	</dict>
	<dict>
		<key>code</key>
		<string>rus</string>
		<key>name</key>
		<string>Russian</string>
	</dict>
	<dict>
		<key>code</key>
		<string>smo</string>
		<key>name</key>
		<string>Samoan</string>
	</dict>
	<dict>
		<key>code</key>
		<string>sag</string>
		<key>name</key>
		<string>Sango</string>
	</dict>
	<dict>
		<key>code</key>
		<string>srp</string>
		<key>name</key>
		<string>Serbian</string>
	</dict>
	<dict>
		<key>code</key>
		<string>sin</string>
		<key>name</key>
		<string>Sinhala; Sinhalese</string>
	</dict>
	<dict>
		<key>code</key>
		<string>slo</string>
		<key>name</key>
		<string>Slovak</string>
	</dict>
	<dict>
		<key>code</key>
		<string>slv</string>
		<key>name</key>
		<string>Slovenian</string>
	</dict>
	<dict>
		<key>code</key>
		<string>som</string>
		<key>name</key>
		<string>Somali</string>
	</dict>
	<dict>
		<key>code</key>
		<string>sot</string>
		<key>name</key>
		<string>Sotho, Southern</string>
	</dict>
	<dict>
		<key>code</key>
		<string>spa</string>
		<key>name</key>
		<string>Spanish; Castilian</string>
	</dict>
	<dict>
		<key>code</key>
		<string>su-arab</string>
		<key>name</key>
		<string>Sudanese (Arabic Script)</string>
	</dict>
	<dict>
		<key>code</key>
		<string>su-latn</string>
		<key>name</key>
		<string>Sudanese (Latin Script)</string>
	</dict>
	<dict>
		<key>code</key>
		<string>swa</string>
		<key>name</key>
		<string>Swahili</string>
	</dict>
	<dict>
		<key>code</key>
		<string>ssw</string>
		<key>name</key>
		<string>Swati</string>
	</dict>
	<dict>
		<key>code</key>
		<string>swe</string>
		<key>name</key>
		<string>Swedish</string>
	</dict>
	<dict>
		<key>code</key>
		<string>tgl</string>
		<key>name</key>
		<string>Tagalog</string>
	</dict>
	<dict>
		<key>code</key>
		<string>tam</string>
		<key>name</key>
		<string>Tamil</string>
	</dict>
	<dict>
		<key>code</key>
		<string>tel</string>
		<key>name</key>
		<string>Telugu</string>
	</dict>
	<dict>
		<key>code</key>
		<string>tha</string>
		<key>name</key>
		<string>Thai</string>
	</dict>
	<dict>
		<key>code</key>
		<string>tir</string>
		<key>name</key>
		<string>Tigrinya</string>
	</dict>
	<dict>
		<key>code</key>
		<string>ton</string>
		<key>name</key>
		<string>Tonga (Tonga Islands)</string>
	</dict>
	<dict>
		<key>code</key>
		<string>tso</string>
		<key>name</key>
		<string>Tsonga</string>
	</dict>
	<dict>
		<key>code</key>
		<string>tsn</string>
		<key>name</key>
		<string>Tswana</string>
	</dict>
	<dict>
		<key>code</key>
		<string>tur</string>
		<key>name</key>
		<string>Turkish</string>
	</dict>
	<dict>
		<key>code</key>
		<string>ukr</string>
		<key>name</key>
		<string>Ukrainian</string>
	</dict>
	<dict>
		<key>code</key>
		<string>urd</string>
		<key>name</key>
		<string>Urdu</string>
	</dict>
	<dict>
		<key>code</key>
		<string>ven</string>
		<key>name</key>
		<string>Venda</string>
	</dict>
	<dict>
		<key>code</key>
		<string>vie</string>
		<key>name</key>
		<string>Vietnamese</string>
	</dict>
	<dict>
		<key>code</key>
		<string>wel</string>
		<key>name</key>
		<string>Welsh</string>
	</dict>
	<dict>
		<key>code</key>
		<string>fry</string>
		<key>name</key>
		<string>Western Frisian</string>
	</dict>
	<dict>
		<key>code</key>
		<string>xho</string>
		<key>name</key>
		<string>Xhosa</string>
	</dict>
	<dict>
		<key>code</key>
		<string>yid</string>
		<key>name</key>
		<string>Yiddish</string>
	</dict>
	<dict>
		<key>code</key>
		<string>yue-hant</string>
		<key>name</key>
		<string>Yue Chinese</string>
		<key>allowsPhonetic</key>
		<true/>
	</dict>
	<dict>
		<key>code</key>
		<string>zul</string>
		<key>name</key>
		<string>Zulu</string>
	</dict>
</array>
</plist>
