<?xml version="1.0" encoding="UTF-8" standalone="yes"?>
<!DOCTYPE plist PUBLIC "-//Apple//DTD PLIST 1.0//EN" "http://www.apple.com/DTDs/PropertyList-1.0.dtd">
<plist version="1.0">
<array>
	<!-- The “real” list of tier info comes from the server, but the typically returned names are what is below so they can be localized -->
	<dict>
		<key>code</key>
		<string>0</string>

		<key>name</key>
		<string>Free</string>
	</dict>
	<dict>
		<key>code</key>
		<string>1</string>

		<key>name</key>
		<string>Tier 1</string>
	</dict>
	<dict>
		<key>code</key>
		<string>2</string>

		<key>name</key>
		<string>Tier 2</string>
	</dict>
	<dict>
		<key>code</key>
		<string>3</string>

		<key>name</key>
		<string>Tier 3</string>
	</dict>
	<dict>
		<key>code</key>
		<string>4</string>

		<key>name</key>
		<string>Tier 4</string>
	</dict>
	<dict>
		<key>code</key>
		<string>5</string>

		<key>name</key>
		<string>Tier 5</string>
	</dict>
	<dict>
		<key>code</key>
		<string>6</string>

		<key>name</key>
		<string>Tier 6</string>
	</dict>
	<dict>
		<key>code</key>
		<string>7</string>

		<key>name</key>
		<string>Tier 7</string>
	</dict>
	<dict>
		<key>code</key>
		<string>8</string>

		<key>name</key>
		<string>Tier 8</string>
	</dict>
	<dict>
		<key>code</key>
		<string>9</string>

		<key>name</key>
		<string>Tier 9</string>
	</dict>
	<dict>
		<key>code</key>
		<string>10</string>

		<key>name</key>
		<string>Tier 10</string>
	</dict>
	<dict>
		<key>code</key>
		<string>11</string>

		<key>name</key>
		<string>Tier 11</string>

	</dict>
	<dict>
		<key>code</key>
		<string>12</string>

		<key>name</key>
		<string>Tier 12</string>
	</dict>
	<dict>
		<key>code</key>
		<string>13</string>

		<key>name</key>
		<string>Tier 13</string>
	</dict>
	<dict>
		<key>code</key>
		<string>14</string>

		<key>name</key>
		<string>Tier 14</string>
	</dict>
	<dict>
		<key>code</key>
		<string>15</string>

		<key>name</key>
		<string>Tier 15</string>
	</dict>
	<dict>
		<key>code</key>
		<string>16</string>

		<key>name</key>
		<string>Tier 16</string>
	</dict>
	<dict>
		<key>code</key>
		<string>17</string>

		<key>name</key>
		<string>Tier 17</string>
	</dict>
	<dict>
		<key>code</key>
		<string>18</string>

		<key>name</key>
		<string>Tier 18</string>
	</dict>
	<dict>
		<key>code</key>
		<string>19</string>

		<key>name</key>
		<string>Tier 19</string>
	</dict>
	<dict>
		<key>code</key>
		<string>20</string>

		<key>name</key>
		<string>Tier 20</string>
	</dict>
	<dict>
		<key>code</key>
		<string>21</string>

		<key>name</key>
		<string>Tier 21</string>
	</dict>
	<dict>
		<key>code</key>
		<string>22</string>

		<key>name</key>
		<string>Tier 22</string>
	</dict>
	<dict>
		<key>code</key>
		<string>23</string>

		<key>name</key>
		<string>Tier 23</string>
	</dict>
	<dict>
		<key>code</key>
		<string>24</string>

		<key>name</key>
		<string>Tier 24</string>
	</dict>
	<dict>
		<key>code</key>
		<string>25</string>

		<key>name</key>
		<string>Tier 25</string>
	</dict>
	<dict>
		<key>code</key>
		<string>26</string>

		<key>name</key>
		<string>Tier 26</string>
	</dict>
	<dict>
		<key>code</key>
		<string>27</string>

		<key>name</key>
		<string>Tier 27</string>
	</dict>
	<dict>
		<key>code</key>
		<string>28</string>

		<key>name</key>
		<string>Tier 28</string>
	</dict>
	<dict>
		<key>code</key>
		<string>29</string>

		<key>name</key>
		<string>Tier 29</string>
	</dict>
	<dict>
		<key>code</key>
		<string>30</string>

		<key>name</key>
		<string>Tier 30</string>
	</dict>
	<dict>
		<key>code</key>
		<string>31</string>

		<key>name</key>
		<string>Tier 31</string>
	</dict>
	<dict>
		<key>code</key>
		<string>32</string>

		<key>name</key>
		<string>Tier 32</string>
	</dict>
	<dict>
		<key>code</key>
		<string>33</string>

		<key>name</key>
		<string>Tier 33</string>
	</dict>
	<dict>
		<key>code</key>
		<string>34</string>

		<key>name</key>
		<string>Tier 34</string>
	</dict>
	<dict>
		<key>code</key>
		<string>35</string>

		<key>name</key>
		<string>Tier 35</string>
	</dict>
	<dict>
		<key>code</key>
		<string>36</string>

		<key>name</key>
		<string>Tier 36</string>
	</dict>
	<dict>
		<key>code</key>
		<string>37</string>

		<key>name</key>
		<string>Tier 37</string>
	</dict>
	<dict>
		<key>code</key>
		<string>38</string>

		<key>name</key>
		<string>Tier 38</string>
	</dict>
	<dict>
		<key>code</key>
		<string>39</string>

		<key>name</key>
		<string>Tier 39</string>
	</dict>
	<dict>
		<key>code</key>
		<string>40</string>

		<key>name</key>
		<string>Tier 40</string>
	</dict>
	<dict>
		<key>code</key>
		<string>41</string>

		<key>name</key>
		<string>Tier 41</string>
	</dict>
	<dict>
		<key>code</key>
		<string>42</string>

		<key>name</key>
		<string>Tier 42</string>
	</dict>
	<dict>
		<key>code</key>
		<string>43</string>

		<key>name</key>
		<string>Tier 43</string>
	</dict>
	<dict>
		<key>code</key>
		<string>44</string>

		<key>name</key>
		<string>Tier 44</string>
	</dict>
	<dict>
		<key>code</key>
		<string>45</string>

		<key>name</key>
		<string>Tier 45</string>
	</dict>
	<dict>
		<key>code</key>
		<string>46</string>

		<key>name</key>
		<string>Tier 46</string>
	</dict>
	<dict>
		<key>code</key>
		<string>47</string>

		<key>name</key>
		<string>Tier 47</string>
	</dict>
	<dict>
		<key>code</key>
		<string>48</string>

		<key>name</key>
		<string>Tier 48</string>
	</dict>
	<dict>
		<key>code</key>
		<string>49</string>

		<key>name</key>
		<string>Tier 49</string>
	</dict>
	<dict>
		<key>code</key>
		<string>50</string>

		<key>name</key>
		<string>Tier 50</string>
	</dict>
	<dict>
		<key>code</key>
		<string>51</string>

		<key>name</key>
		<string>Tier 51</string>
	</dict>
	<dict>
		<key>code</key>
		<string>52</string>

		<key>name</key>
		<string>Tier 52</string>
	</dict>
	<dict>
		<key>code</key>
		<string>53</string>

		<key>name</key>
		<string>Tier 53</string>
	</dict>
	<dict>
		<key>code</key>
		<string>54</string>

		<key>name</key>
		<string>Tier 54</string>
	</dict>
	<dict>
		<key>code</key>
		<string>55</string>

		<key>name</key>
		<string>Tier 55</string>
	</dict>
	<dict>
		<key>code</key>
		<string>56</string>

		<key>name</key>
		<string>Tier 56</string>
	</dict>
	<dict>
		<key>code</key>
		<string>57</string>

		<key>name</key>
		<string>Tier 57</string>
	</dict>
	<dict>
		<key>code</key>
		<string>58</string>

		<key>name</key>
		<string>Tier 58</string>
	</dict>
	<dict>
		<key>code</key>
		<string>59</string>

		<key>name</key>
		<string>Tier 59</string>
	</dict>
	<dict>
		<key>code</key>
		<string>60</string>

		<key>name</key>
		<string>Tier 60</string>
	</dict>
	<dict>
		<key>code</key>
		<string>61</string>

		<key>name</key>
		<string>Tier 61</string>
	</dict>
	<dict>
		<key>code</key>
		<string>62</string>

		<key>name</key>
		<string>Tier 62</string>
	</dict>
	<dict>
		<key>code</key>
		<string>63</string>

		<key>name</key>
		<string>Tier 63</string>
	</dict>
	<dict>
		<key>code</key>
		<string>64</string>

		<key>name</key>
		<string>Tier 64</string>
	</dict>
	<dict>
		<key>code</key>
		<string>65</string>

		<key>name</key>
		<string>Tier 65</string>
	</dict>
	<dict>
		<key>code</key>
		<string>66</string>

		<key>name</key>
		<string>Tier 66</string>
	</dict>
	<dict>
		<key>code</key>
		<string>67</string>

		<key>name</key>
		<string>Tier 67</string>
	</dict>
	<dict>
		<key>code</key>
		<string>68</string>

		<key>name</key>
		<string>Tier 68</string>
	</dict>
	<dict>
		<key>code</key>
		<string>69</string>

		<key>name</key>
		<string>Tier 69</string>
	</dict>
	<dict>
		<key>code</key>
		<string>70</string>

		<key>name</key>
		<string>Tier 70</string>
	</dict>
	<dict>
		<key>code</key>
		<string>71</string>

		<key>name</key>
		<string>Tier 71</string>
	</dict>
	<dict>
		<key>code</key>
		<string>72</string>

		<key>name</key>
		<string>Tier 72</string>
	</dict>
	<dict>
		<key>code</key>
		<string>73</string>

		<key>name</key>
		<string>Tier 73</string>
	</dict>
	<dict>
		<key>code</key>
		<string>74</string>

		<key>name</key>
		<string>Tier 74</string>
	</dict>
	<dict>
		<key>code</key>
		<string>75</string>

		<key>name</key>
		<string>Tier 75</string>
	</dict>
	<dict>
		<key>code</key>
		<string>76</string>

		<key>name</key>
		<string>Tier 76</string>
	</dict>
	<dict>
		<key>code</key>
		<string>77</string>

		<key>name</key>
		<string>Tier 77</string>
	</dict>
	<dict>
		<key>code</key>
		<string>78</string>

		<key>name</key>
		<string>Tier 78</string>
	</dict>
	<dict>
		<key>code</key>
		<string>79</string>

		<key>name</key>
		<string>Tier 79</string>
	</dict>
	<dict>
		<key>code</key>
		<string>80</string>

		<key>name</key>
		<string>Tier 80</string>
	</dict>
	<dict>
		<key>code</key>
		<string>81</string>

		<key>name</key>
		<string>Tier 81</string>
	</dict>
	<dict>
		<key>code</key>
		<string>82</string>

		<key>name</key>
		<string>Tier 82</string>
	</dict>
	<dict>
		<key>code</key>
		<string>83</string>

		<key>name</key>
		<string>Tier 83</string>
	</dict>
	<dict>
		<key>code</key>
		<string>84</string>

		<key>name</key>
		<string>Tier 84</string>
	</dict>
	<dict>
		<key>code</key>
		<string>85</string>

		<key>name</key>
		<string>Tier 85</string>
	</dict>
	<dict>
		<key>code</key>
		<string>86</string>

		<key>name</key>
		<string>Tier 86</string>
	</dict>
	<dict>
		<key>code</key>
		<string>87</string>

		<key>name</key>
		<string>Tier 87</string>
	</dict>
	<dict>
		<key>code</key>
		<string>510</string>

		<key>name</key>
		<string>Alternate Tier A (China Only)</string>
	</dict>
	<dict>
		<key>code</key>
		<string>530</string>

		<key>name</key>
		<string>Alternate Tier B (China Only)</string>
	</dict>
	<dict>
		<key>code</key>
		<string>550</string>

		<key>name</key>
		<string>Alternate Tier 1</string>
	</dict>
	<dict>
		<key>code</key>
		<string>560</string>

		<key>name</key>
		<string>Alternate Tier 2</string>
	</dict>
	<dict>
		<key>code</key>
		<string>570</string>

		<key>name</key>
		<string>Alternate Tier 3</string>
	</dict>
	<dict>
		<key>code</key>
		<string>580</string>

		<key>name</key>
		<string>Alternate Tier 4</string>
	</dict>
	<dict>
		<key>code</key>
		<string>590</string>

		<key>name</key>
		<string>Alternate Tier 5</string>
	</dict>
</array>
</plist>