<?xml version="1.0" encoding="UTF-8"?>
<!DOCTYPE plist PUBLIC "-//Apple//DTD PLIST 1.0//EN" "http://www.apple.com/DTDs/PropertyList-1.0.dtd">
<plist version="1.0">
<dict>
    <key>disallowedPaths</key>
    <array>
        <string>SC_Info</string>
    </array>
    <key>validIconSizes</key>
    <array>
        <string>57x57</string>
    </array>
    <key>validateBundleResource</key>
    <integer>0</integer>
    <key>validateIcon</key>
    <integer>1</integer>
    <key>validateIconSize</key>
    <integer>1</integer>
    <key>validatePayload</key>
    <integer>0</integer>
    <key>validateZip</key>
    <integer>1</integer>
    <key>validateDeviceFamily</key>
    <integer>1</integer>
    <key>requireDeviceFamily</key>
    <integer>0</integer>
    <key>validateCodeResources</key>
    <integer>1</integer>
    <key>serverSideVerification</key>
    <integer>1</integer>
    <key>validateFatArchitecturesBasedOnMinimumOSVersion</key>
    <integer>1</integer>
    <key>validateSupportedArchitectures</key>
    <integer>1</integer>
    <key>validateRequiredArchitectures</key>
    <integer>1</integer>
    <key>validateCodesignEntitlements</key>
    <integer>1</integer>
    <key>validateSymlinkExists</key>
    <integer>1</integer>
    <key>validateSymlinkResolvesLocally</key>
    <integer>1</integer>
    <key>validatePurpleSPIUsage</key>
    <integer>1</integer>
    <key>supportedArchitectures</key>
    <array>
        <string>armv6</string>
        <string>armv7</string>
        <string>armv7s</string>
    </array>
    <key>filesToUploadOverride</key>
    <array>
    <string>embedded.mobileprovision</string>
    </array>
    <key>validateProductSignature</key>
    <integer>1</integer>
    <key>validateProductErrors</key>
    <integer>0</integer>
    <key>validateProductSymlinkExists</key>
    <integer>1</integer>
    <key>validateProductSymlinkResolvesLocally</key>
    <integer>1</integer>
    <key>validateProductArchitectures</key>
    <integer>1</integer>
    <key>validateProductBundleArchitectures</key>
    <integer>1</integer>
    <key>validateProductSupportedArchitectures</key>
    <integer>1</integer>
    <key>validateProductRequiredArchitectures</key>
    <integer>1</integer>
    <key>validateProductMetadataServerSide</key>
    <integer>1</integer>
    <key>validateFirenzeSPIUsage</key>
    <integer>1</integer>
    <key>supportedProductArchitectures</key>
    <array>
        <string>i386</string>
        <string>x86_64</string>
    </array>
    <key>productFilesToUploadOverride</key>
    <array>
        <string>embedded.provisionprofile</string>
    </array>
</dict>
</plist>
